ID;Titre;Type;Priorité;Epic;Constat;User Story;Critères d'Acceptation;Solution;Sources
KEO-001;Purger les copies d'élèves de l'historique Git (RGPD);Backend / Sécurité & conformité;Critique;E0 - Fondations & vérité;~40 fichiers `eleve_*.txt` — des productions d'élèves **mineurs** (noms, établissements) — sont versionnés dans l'historique Git du dépôt, et aucun `.gitignore` ne les exclut. Risque légal et réputationnel majeur : la confiance des parents conditionne l'existence même du produit.;En tant que parent d'un élève mineur, je veux qu'aucune copie d'élève ne quitte jamais son appareil afin de pouvoir confier l'application à mon enfant sans risque pour sa vie privée.;`git log --all --full-history -- '*copie*' '*eleve*'` ne retourne plus aucune production d'élève (après réécriture d'historique) | Un commit test contenant `copie_eleve_test.txt` est **rejeté** par un hook pre-commit | `docs/POLITIQUE_DONNEES.md` est rédigé et accessible depuis l'écran « À propos » de l'app | Script CI `check-no-student-data.sh` vert : il échoue si un chemin interdit réapparaît dans l'historique ou l'index;"inventorier tous les chemins sensibles ; purger avec `git filter-repo` (ou BFG) sur **toutes** les branches et tags, après sauvegarde d'un clone miroir ; ajouter `uploads_externes/`, `*eleve*`, `*copie*` au `.gitignore` + hook pre-commit. ⚠️ La réécriture d'historique exige une validation destructive explicite de l'équipe (discipline Git AGENTS.md).";Les Ignobles + Jeremy (méta-audit) · SpecKit S0-01
KEO-002;Renseigner la date du BAC et interdire une date vide;Backend / Logique métier;Critique;E0 - Fondations & vérité;`BAC_EXAM_DATE = ''` dans `dashboardActions.ts` : le compteur « عدّاد BAC » est mort, `bacDaysLeft()` retourne `null`, et Morchid ne peut construire **aucun** cycle de révision ni priorité temporelle.;En tant qu'élève, je veux voir un compte à rebours réel J-XXX afin que chaque séance de révision ait un sens calendaire.;Le dashboard affiche un « J-XXX » réel, jamais un compteur vide | Date vide ou passée → message visible « date à confirmer » côté élève et erreur explicite en dev — **jamais** `null` silencieux | La mission du jour et le plan de révision changent de contenu selon le cycle (J-120 construction / J-60 entraînement / J-20 annales chronométrées / J-7 fiches or uniquement) | Test automatisé qui **échoue** si `BAC_EXAM_DATE` ne matche pas `/^\d{4}-\d{2}-\d{2}$/` + test du calcul J-X sur date figée;"renseigner la date officielle de la session au format ISO ; garde-fou dans `bacDaysLeft()` ; branchement dans `getDailyMission()` et `revisionPlan`.";Morchid R8 · S0-02 · « un guide sans calendrier n'est pas un guide »
KEO-003;Remplacer le compteur de série cassé par la métrique honnête;UI/UX + Logique métier;Critique;E0 - Fondations & vérité;`progress.streak` et `dailyGoals.streakDays` ne sont **jamais incrémentés** (5× valeur par défaut, 0× incrémentation) : la flamme reste à 0/1 pour toujours et la modale de célébration ne se déclenchera jamais. C'est un mensonge d'interface.;En tant qu'élève, je veux que la progression affichée reflète ce que j'ai réellement appris afin de rester motivé par du vrai, pas par du décoratif.;"Aucun écran n'affiche de « jours consécutifs » ; `StreakCelebrationModal` et `playStreakMilestoneSound()` supprimés | Le header affiche « X % du programme maîtrisé · +N mots-clés cette semaine » avec des valeurs qui **bougent réellement** | Une réponse `again`/`hard` n'incrémente jamais le compteur de mots-clés (seuls `easy`/`good` l'incrémentent) | `streakDays` n'existe plus dans le store (assertion de test)";"ne pas réparer** le streak mais le **supprimer** (la flamme mesure la connexion, pas l'apprentissage) ; agréger les `unit.progress` des 11 unités + compteur `keywordsWeek` incrémenté dans `handleRateCard`. La seule célébration autorisée : « Tu as eu 12/20 parce qu'il manquait pyrénoïde — et maintenant tu l'as » (R10 : célébrer le gain, jamais la présence).";Duolingo + Morchid R10 · S0-03
KEO-004;Rendre le produit publiable — version, signature, confidentialité;Backend / Release;Haute;E0 - Fondations & vérité;version `0.0.0`, zéro tag git, aucun build signé, aucun identifiant de bundle, aucune politique de confidentialité. Toute stratégie d'acquisition discute dans le vide.;En tant qu'élève, je veux installer l'application depuis le Play Store afin de l'utiliser sur mon téléphone sans manipulation technique.;Un AAB signé **1.0.0** s'installe depuis la piste de test interne Play Store | L'app fonctionne 100 % hors-ligne après le premier lancement (test en mode avion) | La fiche « Sécurité des données » déclare « aucune donnée collectée » **sans mensonge vérifiable** (supabase vide, SW offline, stockage local) | CI : build AAB + vérification `version != 0.0.0` + présence du tag;passer en 1.0.0 + tag `v1.0.0`, figer le bundle id (ex. `dz.kunzeloulloum.svt`), keystore hors dépôt et secrets CI, `targetSdk` conforme à la politique Google en vigueur, politique de confidentialité hébergée, fiche en arabe d'abord, test sur 3 appareils Android réels (entrée/milieu de gamme).;Les Ignobles + Jeremy · S0-04
KEO-005;Étendre le cache offline aux 47 leçons — zéro écran vide en zone blanche;Backend (service worker) + UI/UX;Critique;E0 - Fondations & vérité;22 leçons sur 47 sont en cache (+ les 20 actives), les schémas SVG ne sont pas tous pré-cachés. Le hors-ligne est une **exigence de marché** en Algérie (coût de la donnée, trajets, zones blanches), pas un confort.;En tant qu'élève, je veux que toutes mes leçons soient disponibles hors-ligne afin de réviser dans le bus ou en zone blanche sans jamais tomber sur un écran vide.;Mode avion : **47/47** leçons + **20/20** actives + schémas s'ouvrent sans erreur | Aucun écran blanc : tout contenu manquant affiche sa taille + un bouton de téléchargement | Le premier lancement propose le pack offline complet en Wi-Fi (barre de progression honnête) | Test e2e offline : parcours automatisé des 47 `lessonKey` en mode avion simulé, **0 échec toléré**;"pré-cache complet au premier lancement (téléchargement différé en Wi-Fi) ; indicateur « disponible hors-ligne ✓ » par leçon dans `LessonsView` ; intégrer les SVG au manifest de cache. ## 2. ÉPIC 1 — GARDE-FOU MORCHID : ANTI-PASSIVITÉ & ANTI-FAUX > Le tuteur ne fait plus le travail à la place de l'élève, n'enseigne plus de contre-vérités et ne note plus en faux. L'ingénierie anti-triche existante (payload sans `correctIndex`, mélange déterministe, anti-bourrage, polarité des négations, anti-farm d'XP) est **conservée intégralement** — elle est de niveau professionnel.";S0-05 · angle mort Play Store (méta-audit)
KEO-101;« لا أعرف » déclenche un escalier de 3 indices, jamais la correction;Prompt Engineering + Logique métier (moteur de dialogue);Critique;E1 - Garde-fou Morchid (anti-passivité & anti-faux);un clic sur « لا أعرف » affiche **immédiatement** la correction modèle ET la totalité des points-clés (`giveUp → scenario.correction + keyPoints`), avec score 0. Zéro tentative exigée, zéro indice intermédiaire, zéro délai. Toute l'ingénierie anti-triche est contournée par ce seul bouton.;En tant qu'élève bloqué, je veux que « je ne sais pas » me donne un indice progressif plutôt que la réponse afin d'apprendre à raisonner même quand je bloque.;"1ᵉʳ clic « لا أعرف » (après le délai de KEO-102) → **indice I1** (le verbe de consigne et ce qu'il autorise) ; zéro occurrence de « التصحيح النموذجي » dans la réponse | La correction n'est visible **que si** `hintLevel = 3` (score plafonné à **3/10**) **OU** ≥ 2 tentatives écrites de ≥ 15 caractères utiles (score plein via `gradeKeyPoints`) | Une saisie de moins de 15 caractères utiles (ex. « ok ») **ne compte pas** comme tentative | Test horloge mockée : demande de correction à t+20 s sans tentative → refus poli + chrono affiché ; à t+95 s → indice (pas un refus sec) | Chaque indice consommé est journalisé (`hintLevel`, `scenarioId`) pour alimenter le bilan KEO-104";"ajouter `boss.hintLevel`, `boss.attempts`, `boss.openedAt` à `BotSession` ; `giveUp` → `nextHint(scenario, hintLevel)` tant que `hintLevel < 3`. Escalier strict : **I1** = le verbe de consigne (« الفعل هنا « فسّر » — يسمح بـ « لأنّ » ») · **I2** = un squelette de phrase à trous, jamais deux (« انطلاقًا من الوثيقة (…) نلاحظ أنّ ……… ») · **I3** = le premier point-clé à moitié masqué (le terme discriminateur, pas la phrase entière).";SPEC-MORCHID-02 (les 2 rapports) · R1 · S1-01 · GS-02/GS-03 · LOT 1
KEO-102;La règle d'or des 20-25 minutes devient une contrainte du moteur (chrono 90 s);Logique métier;Critique;E1 - Garde-fou Morchid (anti-passivité & anti-faux);l'application **imprime** la règle « لا تفتح الحل النموذجي قبل محاولة كتابية حقيقية لمدة 20 إلى 25 دقيقة » (studyGuide.ts)… mais `handleBossInput` affiche la correction à la première saisie, quelle qu'elle soit. Le moteur contredit le texte qu'il affiche lui-même deux écrans plus loin.;En tant qu'élève, je veux que les règles affichées par l'application soient celles que le moteur applique réellement afin de pouvoir faire confiance au cadre.;"`startBossStep()` horodate `openedAt` ; la correction est **refusée** si `Date.now() - openedAt < 90_000` et `attempts === 0` | Le refus est poli et affiche le temps restant (« خصّص 90 ثانية لكتابة جملة واحدة ») | Aucune contradiction restante entre le texte de la règle d'or affiché et le comportement réel du moteur | Test : correction demandée avant 90 s sans tentative → refus ; après une tentative réelle → autorisée";"version moteur de la règle 20-25 min : un **chronomètre minimal de 90 s par situation** du défi BAC ; brancher le test sur une horloge mockée (vitest fake timers).";R3 · S1-02 · SPEC-MORCHID-02 (partie délai)
KEO-103;Mode socratique — une question de sondage (probe) avant tout contenu;Prompt Engineering + modèle de données des fiches;Critique;E1 - Garde-fou Morchid (anti-passivité & anti-faux);le chemin le plus fréquent du moteur livre `shortAnswer` complet + mots-clés dès la première question (`🧩 **titre** … 🔑 كلمات مفتاحية`), sans aucune vérification de ce que l'élève sait déjà. L'élève lit, croit avoir compris, et ne produit rien — exactement ce que le BAC ne note pas.;En tant qu'élève, je veux que Morchid me pose d'abord une courte question de vérification avant de m'expliquer afin de comprendre activement plutôt que de lire passivement.;"1ᵉʳ appel sur une fiche → réponse = **probe uniquement** (question fermée ≤ 20 mots, réponse attendue ≤ 5 mots, portant sur le **préréquis** : lieu, acteur, ou sens d'une flèche — jamais sur la conclusion) ; 0 ligne de `shortAnswer` | Après tentative de l'élève : correction en 1 ligne (juste / incomplète / erronée) puis contenu **ciblé sur l'écart** — pas le cours entier si la probe est juste | Après 2ᵉ « اشرح لي » explicite : contenu complet livré + événement `bypass_socratique` **journalisé** (trappe anti-frustration) | Golden set : ≥ 19/20 questions de cours commencent par une question (tolérance 1 pour fiches sans probe rédigée) | Métrique instrumentée : taux de réponses prémâchées **< 5 %** sur 500 échanges";"ajouter un champ `probe: string` à `KnowledgeCard` (~60 probes à rédiger en فصحى, 1 phrase chacun) ; `processStudentInput()` renvoie la probe au 1ᵉʳ appel (clé de session `askedProbe`), le contenu au 2ᵉ. Directive System Prompt : « Tu n'es pas une encyclopédie. Tu es un examinateur bienveillant du BAC SVT. »";SPEC-MORCHID-01 (les 2 rapports) · R2 · S1-03 · GS-01 · LOT 2
KEO-104;Aucune note sans CAUSE, ACTION et PORTE — jamais un adjectif seul;Prompt Engineering + Logique métier (notation);Critique;E1 - Garde-fou Morchid (anti-passivité & anti-faux);toute la dimension « bilan » tient en `appreciation = pct >= 80 ? 'ممتاز 🏆' : pct >= 50 ? 'جيد 👍' : 'يحتاج مراجعة 📖'`. Un élève à 12 % et un élève à 49 % reçoivent le **même** verdict — sans cause, sans remède, sans lendemain.;En tant qu'élève, je veux que chaque note soit accompagnée de la cause exacte de mes pertes, d'une action de moins de 15 minutes et d'un lien vers la leçon afin de savoir précisément quoi corriger.;"Tout bilan expose la structure **{CAUSE, ACTION, PORTE}** — assertion de build : un bilan sans les 3 blocs fait échouer la suite | CAUSE nomme l'étape ou point-clé manquant **avec sa fréquence** (« في 3 وضعيات من 3، كتبتَ الملاحظة ولم تكتب الاستنتاج ») ; tout adjectif évaluatif isolé (ممتاز/جيد/يحتاج مراجعة) est interdit | ACTION = une tâche **unique**, ≤ 15 minutes, **mesurable** (« راجع الدرس » interdit ; « أعد كتابة الوضعية 2 وأضف سطراً يبدأ بـ « ومنه نستنتج أنّ… » » attendu) | PORTE = lien profond `lessonKey` résolu dans `LESSON_INDEX` (0 lien mort, 0 lien inventé ; si indéfini, le dire explicitement) | Golden set : 10 bilans → **0 adjectif isolé**";"`gradeKeyPoints()` retourne `missedKeyPoints[]` ; composer le bilan avec `LESSON_INDEX.lessonKey` du topic fautif ; template 3 blocs verrouillé dans le System Prompt consolidé (DIRECTIVE 13).";SPEC-MORCHID-13 / A-06 · R4 · S1-04 · GS-08 · LOT 3
KEO-105;Triade scientifique imposée — ألاحظ → أستنتج → أخلص, séquentiellement;Prompt Engineering (structure de sortie);Critique;E1 - Garde-fou Morchid (anti-passivité & anti-faux);Morchid livre des conclusions brutes (« إذن المناعة النوعية هي… ») sans faire parcourir la chaîne de raisonnement. Au BAC, une conclusion non précédée de la saisie des données et de l'interprétation ne rapporte pas les points de la compétence C3. La méthode existe dans `studyGuide.ts` (« اكتب دائماً: تمثل الوثيقة، نلاحظ، نستنتج ») mais n'est **jamais imposée** par le moteur.;En tant qu'élève, je veux être guidé étape par étape (observation → interprétation → conclusion) afin de rédiger des réponses conformes à ce que le correcteur paie.;"L'élève doit produire le **bloc 1** avant que Morchid ne fournisse le bloc 2, etc. — Morchid ne rédige **jamais les 3 blocs dans un même message** | Bloc 1 « ألاحظ » : valeurs/variations/comparaisons uniquement — **interdit** : « لأنّ », toute interprétation ; Bloc 2 « أستنتج » : **obligatoire** un connecteur causal (لأنّ / بسبب / يعود ذلك إلى / نتيجة لـ) ; Bloc 3 « أخلص إلى أنّ » : une phrase qui ne répète ni le chiffre ni la cause | Si l'élève saute un bloc : Morchid **nomme le bloc manquant** et le redemande (« عد إلى المعطى. ما الرقم الذي رأيته ؟ »), sans corriger le fond | Golden set : 15 analyses de documents → 100 % de séquençage respecté ; métrique : taux de triade complète **≥ 90 %**";"machine d'états dans `processStudentInput` (variable `{{bloc_attendu}}`) ; directive 03 du System Prompt consolidé ; test de dialogue : ≥ 3 tours avant toute conclusion livrée par le tuteur.";SPEC-MORCHID-03 (les 2 rapports) · GS-04 · LOT 2
KEO-106;Contrat du verbe de consigne — détecter, afficher, imposer;Prompt Engineering + Backend (branchement);Critique;E1 - Garde-fou Morchid (anti-passivité & anti-faux);l'application sait déjà distinguer تحليل de تفسير (regex de causalité dans `answerStructureCheck.ts` : يعود ذلك / لأن / بسبب / نتيجة لـ) et dispose du مفتاح de la Boussole v2 — mais cette logique n'est **pas branchée** sur Morchid : le tuteur ne vérifie jamais si la réponse respecte le contrat du verbe demandé.;En tant qu'élève, je veux connaître le contrat du verbe de consigne (ce qu'il paie, ce qu'il interdit) avant d'écrire afin de ne plus perdre des points sur la forme de ma réponse.;Les 7 verbes de la table ont un contrat testé (paie / interdit) — **14 assertions vertes** : استخراج/استنتاج من الوثيقة → donnée brute, interprétation interdite · حلّل → décrire + comparer + variations **chiffrées**, « لأنّ » **interdit** · فسّر → lien causal **obligatoire** · استنتج → relation ou mécanisme en une phrase, redescription interdite · علّل/برّر → justification par le cours · قارن → 2 termes + points de comparaison + **différence explicite** · اقترح فرضية → hypothèse **réfutable** + test possible | Le contrat s'affiche en 2 lignes **avant** que l'élève écrive | Réponse contenant « لأنّ » sur consigne « حلّل » → écart nommé (« أنت لم تحلّل، بل فسّرت »), **pas de note**, demande de réécriture | Taux de détection du verbe ≥ 95 % sur un golden set de 40 consignes | Le مفتاح de la Boussole v2 est **réutilisé, pas dupliqué** (une seule source de vérité);"extraire le verbe de `{{consigne_eleve}}` **avant** toute évaluation ; brancher la regex `CAUSALITE` existante sur `smartTutorEngine.ts` ; formule de renvoi : « الفعل المطلوب هو «حلّل»، وقد أجبت بالتفسير. أعد الكتابة بالأرقام فقط، دون استعمال «لأنّ». »";SPEC-MORCHID-06 (**apport du rapport (1)**) · GS-05 · LOT 2
KEO-107;Polarité — une réponse qui nie les points-clés vaut 0, pas 10;Backend / Logique métier (moteur de notation);Critique;E1 - Garde-fou Morchid (anti-passivité & anti-faux);une réponse niant explicitement chaque point-clé (« لا، ليس صحيحاً أنّ CMH/HLA يعرض المستضدات… ») obtient **10/10** : la couverture est calculée par recouvrement de tokens sans traitement de la négation. « La barrière “il suffit de recopier les mots-clés en les niant” est complètement perméable. »;En tant que système, je veux créditer un point-clé seulement s'il est affirmé (et non nié) dans une clause non réfutée afin de ne jamais récompenser une réponse qui contredit la science.;"Réponse niant les 3 points-clés → **0/10** (script `scripts/verify_b2_negation.ts` vert) | Réponse reprenant exactement les points-clés → **10/10** (non régressé) | Moitié niée / moitié reprise → **5/10** exactement | Attendu formulé négativement (« لا تنتقل ») + réponse identique → point-clé **crédité** (pas de double inversion) | Le détecteur de bourrage lexical annule toujours le score ; les 8 tags du correcteur et le scoreur restent **inchangés** (spec Boussole v2) ; aucun fit de note (P2/R6 — barème officiel 5/7/8 uniquement)";"découper la réponse en clauses (، ؛ . ثم لكن) ; détecter les négations adjacentes (لا / لم / لن / ليس / غير à ±1 séparateur du token) et les amorces de réfutation (ليس صحيحاً / مستحيل / أنفي / أرفض) ; un point-clé est couvert **ssi** clause non réfutée **ET** polarité identique à l'attendu. Feedback obligatoire en cas d'inversion : « إجابتك تذكر النقطة لكنّها تنفيها — أعد صياغتها في صيغة الإثبات. »";SPEC-MORCHID-04 / A-12 · verdict §B2 « VRAI — confirmé par script » (état : correctif présent, **non protégé**) · GS-06 · LOT 1
KEO-108;« اختبرني » lance un test — jamais une fiche de cours;Logique métier (couche d'intentions);Critique;E1 - Garde-fou Morchid (anti-passivité & anti-faux);« اختبرني في الغوص » (teste-moi sur la subduction) renvoie la **fiche de cours** sur la subduction. Le bouton promet une évaluation et déclenche une lecture : aucune couche d'intention n'intercepte la demande.;En tant qu'élève, je veux que « teste-moi » lance un vrai test afin de mesurer honnêtement mon niveau avant l'examen.;8 formulations de « اختبرني في … » → QCM lancé dans **100 %** des cas où le sujet est testable (mélange déterministe et absence de `correctIndex` dans le payload **conservés**) | Sujet sans QCM disponible → message d'indisponibilité **explicite** + proposition d'un sujet testable du même domaine — **jamais** une fiche de cours en substitution silencieuse | L'intercepteur d'intentions s'exécute **après** la gestion de session active et **avant** la recherche sémantique | Ordre de résolution strict respecté : session active → SOUTIEN (KEO-201) → INTENTIONS (ÉVALUER / EXPLIQUER / MÉTHODE / NAVIGUER) → gibberish/hors-programme → recherche sémantique;"couche d'intentions en tête de `processStudentInput()` ; résoudre le sujet visé par `findBestKnowledgeCardScored`, chercher un QCM dont le `topicId` correspond ; formule d'indisponibilité : « لا يوجد اختبار جاهز في «الغوص» بعد. أستطيع اختبارك الآن في «الزلازل وموجاتها» من المجال نفسه — أيّهما تختار؟ »";SPEC-MORCHID-08 / A-08 · verdict §B7 « VRAI — confirmé empiriquement » · GS-11 · LOT 4
KEO-109;Active Recall — aucun contenu livré sans ancrage final;Prompt Engineering + Backend (SM-2);Critique;E1 - Garde-fou Morchid (anti-passivité & anti-faux);aucune explication de Morchid ne se termine par une production de l'élève. L'effet de test — le levier de rétention le plus documenté — est absent, alors que `RevisionView.tsx` contient déjà un contrôleur SM-2 (Again / Hard / Good / Easy) que le moteur n'interroge **jamais**. L'élève reconnaît, il ne récupère pas.;En tant qu'élève, je veux clore chaque explication par un mini-test (reformulation, Vrai/Faux justifié, QCM express) afin que ce que j'ai lu soit réellement mémorisé.;"**100 %** des réponses contenant du contenu se terminent par **exactement un** item d'ancrage (jamais deux, jamais zéro) | Type d'ancrage adapté à la notion : définitionnelle → Vrai/Faux **à justifier** ; processuelle → reformulation libre avec mots imposés ; comparative → QCM 4 options (distracteurs issus des erreurs réelles de l'élève si disponibles) | Le contenu suivant est **bloqué** tant que l'ancrage n'est pas validé | Échec d'ancrage → question-indice (KEO-110), **jamais** une rediffusion du contenu | Rappels programmés **J+1 / J+3 / J+7** via le contrôleur SM-2 existant (interrogé, pas dupliqué) ; métrique : taux de rappel J+1 honoré ≥ 60 %";"hook de fin d'explication dans le moteur + branchement sur le SM-2 de `RevisionView` ; directive 07 du System Prompt (« سأعيد سؤالك هذا غداً، ثم بعد 3 أيام، ثم بعد أسبوع »).";SPEC-MORCHID-07 / A-05 · GS-10 · LOT 3
KEO-110;Typer l'erreur avant de corriger — T1→T4;Logique métier (diagnostic);Haute;E1 - Garde-fou Morchid (anti-passivité & anti-faux);toute erreur reçoit le même traitement (un score + un adjectif). Or une erreur de **restitution de cours** et une erreur d'**analyse de document/graphe** ne se soignent ni par la même leçon, ni par le même exercice.;En tant qu'élève, je veux que Morchid identifie le TYPE de mon erreur avant de me corriger afin de retravailler ce qui me manque vraiment, pas ce que je sais déjà.;"4 types avec signal de détection testé et remède **distinct** : **T1** restitution absente (mot-clé absent) → fiche ciblée + ancrage · **T2** restitution erronée (mot-clé présent, valeur/lieu/rôle faux) → confrontation au manuel (`bookContent.json`), pas un rappel · **T3** saisie de données défaillante (aucun chiffre/variation/comparaison) → retour au document, lecture seule (bloc 1 de la triade) · **T4** rupture de la chaîne déductive (données + conclusion, aucun lien causal) → exercice de complétion de connecteurs | **Jamais** de correction avant d'avoir nommé le type à l'élève, avec la preuve de classification (« لم تذكر أيّ رقم في إجابتك، مع أنّ السؤال وثيقةٌ رقمية ») | **Jamais** plus d'un type par réponse (le plus défavorable est retenu) | Accord avec le jugement du professeur ≥ 80 % sur 20 productions | Le type est journalisé et alimente la priorisation (KEO-202) ; le corpus des 40 `eleve_*.txt` sert à calibrer, **jamais** à valider (P2/R6)";"classification dans `gradeKeyPoints` (signaux : absence de token / token + valeur fausse / absence de chiffres / absence de connecteur) ; une question-indice par type (« ما القيمة في الدقيقة 0 وما القيمة في الدقيقة 10؟ » pour T3).";SPEC-MORCHID-05 / A-04 · LOT 3
KEO-111;RAG — provenance obligatoire + purge des 7 erreurs scientifiques confirmées;Backend / RAG + Contenu;Critique;E1 - Garde-fou Morchid (anti-passivité & anti-faux);7 erreurs scientifiques confirmées**, dont une contradiction interne majeure : le corrigé de l'app décrivait la courbe de Michaelis-Menten comme « en cloche » (جرسي الشكل) alors que **son propre correcteur** sanctionne ce faux ami chez l'élève avec gravité forte. S'y ajoutent : ondes S « traversent » le noyau (c'est l'inverse : la zone d'ombre des S est la preuve de liquidité) · zone d'ombre des ondes P niée dans une situation BAC · « la vitesse augmente avec la densité » généralisé · AUG → « منيل » au lieu de « ميثيونين » · oxymore « انفراج (تقارب متباعد) » · « فيغوص الصهر » · « الوشام » au lieu de « الوشاح ».;En tant qu'élève, je veux que toute affirmation scientifique de Morchid soit conforme au manuel officiel et traçable (fichier + clé + unité × page) afin d'apprendre exactement ce que le correcteur attend — et rien d'autre.;"`grep 'منيل'` sur le parcours élève = **0** occurrence ; « ميثيونين » présent sur chaque surface concernée | Test de régression **permanent** : aucune occurrence de « جرسي الشكل » associée à Michaelis-Menten ; `correcteurIntegration.test.ts:117` reste vert | Aucune surface n'affirme que les ondes S traversent le noyau ; la preuve de liquidité est énoncée avec le vocabulaire du manuel | « الوشام » = 0 · « تقارب متباعد » = 0 · « فيغوص الصهر » = 0 · la situation BAC admet la zone d'ombre des ondes P | 100 % des chunks de connaissance exposent un champ `source` vérifié (scan de provenance) ; une assertion sans provenance est **non émise** (message : « لا أملك هذه المعلومة في قاعدتي المحلّية الموثّقة ») | `bookContent.json` non modifié (lecture seule) ; corrections par **injection mécanique** (transcription manuelle proscrite), consignées avant→après + unité × page dans les commits";"hiérarchie de vérité `data/bookContent.json` → `الكتاب المصحح` → bibliothèque ; scan par script (l'arabe s'écrit via outil de fichier, jamais en console) ; injection mécanique depuis `bookContent.json` ; filtre de confusion graphique **ر/ز · ح/ة · ف/ب** appliqué à toute injection ; test de cohérence croisée : le corrigé (`bacExam.ts`) et le dictionnaire du correcteur (`baremeCorrecteur.ts`) emploient la **même formulation**.";SPEC-MORCHID-10 (**apport du rapport (1)**) · verdicts §S1 S2 S3 S4 S-M1 S6 S7 S8 « VRAI — confirmés » · GS-14 · LOT 1
KEO-112;Retrieval par mot entier — jamais par sous-chaîne arabe;Backend (moteur de matching);Haute;E1 - Garde-fou Morchid (anti-passivité & anti-faux);« الباك » renvoie la fiche sur la structure interne de la Terre : la carte `earth_structure` porte le mot-clé « لب » et le matching se fait par inclusion de sous-chaîne (`norm.includes(nk)`) — « الباك » contient « لب ». « البكالوريا », « اللباب »… détournent de la même façon.;En tant qu'élève, je veux que ma question soit comprise au mot près afin de ne jamais recevoir un cours sans rapport avec ma demande.;"10 mots contenant « لب » en sous-chaîne (الباك، البكالوريا، اللباب…) → **0 détournement** vers بنية الكرة الأرضية | « الباك » seul → demande de clarification à 3 options (بكالوريا / البروتينات / شيء آخر), pas une fiche | « الغوص؟ » reconnu comme « الغوص » (ponctuation arabe ؟ ، ؛ exclue des caractères de mot) | Le mot-clé « لب » reste fonctionnel quand il est demandé **comme mot entier** ; le demi-poids flou (1 faute de frappe mono-mot) est conservé";"`includesAsWord(haystack, needle)` : si le needle contient un espace → `includes` simple ; sinon extension gauche/droite aux caractères de mot `[ء-غ ف-ي ٠-٩ A-Za-z0-9]`, retrait d'un éventuel article « ال » initial, et comparaison du **mot englobant** au needle.";SPEC-MORCHID-11 (**apport du rapport (1)**) · verdict §B3 « VRAI — correctif présent, non protégé » · GS-12 · LOT 4
KEO-113;Journaliser l'échec — un élève à 0 ne doit pas devenir invisible;Backend (télémétrie locale);Moyenne;E1 - Garde-fou Morchid (anti-passivité & anti-faux);l'événement de fin d'activité n'est émis que si `xpGained > 0` (`AITutorView.tsx`) : un quiz terminé à 0 bonne réponse n'est **jamais** remonté au tableau de bord enseignant. L'élève qui échoue le plus est exactement celui qui disparaît du suivi — son professeur le croit absent plutôt qu'en difficulté.;En tant que système (tableau de bord enseignant), je veux que toute tentative terminée soit journalisée, y compris à 0, afin de distinguer « absent », « en échec réel » et « abandon ».;"Quiz 0/23 → événement émis `{ total: 23, score: 0, kind, domain, statut: 'echec_reel' }` | 5 « لا أعرف » sur 5 → `statut = 'abandon'`, avec une remédiation différente (réduction de charge, KEO-201) | Condition d'émission : `total_questions > 0`, quelle que soit la note — jamais `xpGained > 0` | Le tableau de bord distingue visuellement **absent / echec_reel / abandon** ; jamais « aucune activité » pour un élève qui a échoué | Un échec réel déclenche la remédiation typée (KEO-110 + KEO-202)";"supprimer la condition `xpGained > 0` dans l'appel `onXPGained` / ajouter un canal d'événement dédié ; payload avec `statut ∈ { reussi, echec_reel, abandon }` ; brancher la remédiation automatique. ## 3. ÉPIC 2 — COACH & ORIENTATION > La détresse n'est plus rejetée, les erreurs sont classées par valeur BAC, le guide se propose seul, une seule voix.";SPEC-MORCHID-14 (**apport du rapport (1)**) · verdict §B6 « 0-XP non journalisé : VRAI » · LOT 4
KEO-201;La détresse n'est jamais hors programme — détection darija, réponse فصحى;Prompt Engineering;Critique;E2 - Coach & orientation;un élève qui écrit son angoisse en darija (« راني خايف من الباك، ما نقدرش نراجع ») est classé **hors programme** et reçoit « ❓ هذا السؤال خارج قاعدة علوم الطبيعة والحياة ». Le moment où il avait le plus besoin d'un humain est exactement celui où Morchid le rejette. Cause : `hasDomainSignal` + `AR_STOPWORDS` ne contiennent aucun lexique affectif ni darija — le filtre anti-bruit (football, cinéma) rejette aussi l'angoisse du candidat.;En tant qu'élève en détresse avant le BAC, je veux que Morchid m'écoute et allège ma charge afin de ne pas être rejeté par mon tuteur au pire moment.;15 formulations de détresse (فصحى : خائف، تعبت، قلق، يائس، فاشل، ضائع + darija : راني، ما نقدرش، حبست، كرهت، ماعلاباليش، صعيب عليّا) → **100 %** déclenchent la réponse de soutien | 10 hors-sujets réels (كرة القدم، فيلم، أغنية…) → **toujours** `outOfScopeResult` (le filtre anti-bruit n'est pas affaibli) | Réponse en 3 temps, ≤ 6 lignes : **écoute** (1 ligne, sans conseil) → **réduction de charge** (un seul sujet, 10 minutes) → **action unique** fondée sur la dernière erreur réelle — 0 note, 0 liste de domaines, 1 seule action | Toute **sortie** reste en فصحى (AGENTS.md règle 5) — la darija est admise en **détection uniquement** (résolution du conflit des deux rapports) | Relecture humaine par un professeur algérien : ton bref, direct, jamais infantilisant;"`AFFECT_LEXICON` testé **avant** `isGibberishInput()` et avant le test OUT_OF_PROGRAM dans `processStudentInput()` → `supportResult(session, lastMistake)` ; interdictions absolues dans cette réponse : citation, proverbe, discours motivationnel générique, dialecte.";SPEC-MORCHID-09 / A-07 · R5 · S2-01 · GS-13/GS-16 · LOT 1
KEO-202;Priorisation réelle — fréquence × poids BAC × oubli, pas l'index zéro;Backend / Logique métier;Haute;E2 - Coach & orientation;la mission du jour cible `mistakes[0]` — la **première erreur chronologique** — sinon `KNOWLEDGE_CARDS[0]`. Un élève fautif 9 fois en immunologie et 1 fois en tectonique peut être renvoyé vers la tectonique. Le barème officiel est pourtant connu : ex1 = 5 pts · ex2 = 7 pts · ex3 = 8 pts.;En tant qu'élève, je veux que la mission du jour cible mon erreur la plus coûteuse au BAC afin que chaque minute de révision rapporte un maximum de points.;"`score(erreur) = occurrences × poids_bac(unité) × facteur_oubli` avec `facteur_oubli = 1 + log2(1 + jours_depuis_dernière_revue)` ; mission = `argmax(score)` ; à égalité, l'erreur la plus ancienne | Test : 9 erreurs en immunologie vs 1 en tectonique → mission = **immunologie** | Test : une erreur non revue depuis 30 jours **remonte** dans le classement (oubli actif) | Le **POURQUOI** s'affiche en 1 ligne (« أخطأتَ فيه 4 مرّات، ووزنه 8 نقاط في البكالوريا، ولم تراجعه منذ 12 يوماً ») | Poids issus de `data/bac_sessions_2019_2026.json` (barème officiel 5/7/8 — **aucune autre pondération**, P2/R6) ; le SM-2 de `RevisionView` est **interrogé, pas dupliqué**";"`rankMistakes(session.mistakes, UNIT_BAC_WEIGHT, lastSeenAt)` remplace `mistakes[0]` dans `getDailyMission()` ; affichage systématique de la justification.";SPEC-MORCHID-12 / A-09 · R6 · S2-02 · GS-09 · LOT 3
KEO-203;Après un échec (< 50 %), le protocole d'étude s'invite — il n'attend pas;Logique métier;Haute;E2 - Coach & orientation;le plan de travail n'apparaît que si l'élève tape « كيف ادرس العلوم » (score de déclencheur ≥ 18) : un élève perdu ne sait pas formuler cette question. Après un 4/30 au défi BAC, Morchid propose « راجع أخطائي السابقة » — jamais « voici comment on révise cette unité ».;En tant qu'élève en difficulté, je veux que Morchid me propose spontanément la méthode de révision de l'unité où j'ai échoué afin d'être guidé sans devoir savoir quoi demander.;Après tout score < 50 %, le protocole d'étude en 5 étapes de l'unité concernée est **poussé automatiquement** (1ʳᵉ position des quickActions) | Le protocole (comprendre la logique de l'unité → extraire les mots-clés → schéma bilan → exercices gradués → carnet d'erreurs) reste accessible **sans** déclencheur lexical | Test : fin de défi à 40 % → le protocole est proposé sans aucune action de l'élève | Le guide proposé correspond bien à l'**unité fautive** (pas au dernier menu visité);fin de `handleBossInput()` : si `pct < 50`, injecter `formatStudyGuideAnswer(STUDY_GUIDE_CARDS.unit_study_protocol)` dans les quickActions.;R7 · S2-03 · SPEC-MORCHID A-10
KEO-204;Cycle de révision daté — J-120 / J-60 / J-20 / J-7;Backend + UI/UX;Haute;E2 - Coach & orientation;sans date du BAC, aucun rétro-planning n'est possible : « un guide sans calendrier n'est pas un guide ». Morchid ne peut ajuster ni la nature du travail ni son intensité au temps restant.;En tant qu'élève, je veux un plan de révision qui s'adapte au temps restant afin de réviser efficacement et sans panique dans les derniers mois.;J-120 → cycle **construction** · J-60 → **entraînement** · J-20 → **annales chronométrées** · J-7 → **fiches or uniquement** : le contenu du plan change par cycle | `bacDaysLeft()` est injecté dans la mission du jour (affichage J-XXX) | Si la date est « à confirmer », le plan se dégrade proprement (cycle par défaut explicitement signalé) | Test sur dates figées : les 4 cycles produisent 4 contenus distincts;"machine à cycles dans `revisionPlan` branchée sur `bacDaysLeft()` ; indicateur « phase actuelle » sur le dashboard.";R8 · S2-04
KEO-205;Une seule voix — féliciter le gain, jamais la présence;UI/UX + Prompt Engineering;Haute;E2 - Coach & orientation;`AITutorView` accueille « مرحباً بك يا بحار المعرفة! » (lexique marin) alors que la spécification Boussole v2 l'a **explicitement supprimé**. Et la mission complétée félicite la présence (« كسبت 15 XP. عُد غداً ») — de la dopamine, pas de l'encouragement : on félicite la connexion, jamais ce qui a été appris.;En tant qu'élève, je veux un tuteur à la voix unique, bref et exigeant, qui célèbre mes progrès réels afin de bâtir une relation de confiance.;**0 occurrence** de lexique marin (بحار / ملاح / ربان / قبطان) dans le tuteur et son accueil | Ton cible : bref · direct · exigeant · bienveillant — 2 lignes d'encouragement maximum, **toujours suivies d'une action** | `completeDailyMission()` affiche le gain mesurable (« أتقنتَ الآن: [point-clé] — لم يكن حاضراً في إجابتك يوم [date] ») au lieu de « كسبت 15 XP » | Aucune félicitation pour une connexion, une série de jours ou un clic — uniquement : point-clé nouvellement couvert, étape de méthode acquise, erreur qui ne revient plus;"réécrire le message d'accueil d'`AITutorView` ; inscrire la charte de ton dans la section 0 du System Prompt consolidé ; s'appuyer sur le carnet d'erreurs pour nommer le gain.";R9 + R10 · S2-05 · SPEC-MORCHID A-11
KEO-301;Supprimer tout contenu hors programme officiel (2011+);Contenu + Backend;Critique;E3 - Contenu fiable & resserré;des modules entiers portent sur des programmes retirés (génétique ancienne, évolution, reproduction végétale…) : temps de révision volé et démobilisation directe.;En tant qu'élève, je veux que 100 % de mon temps de révision porte sur le programme officiel exigible afin de ne pas travailler pour rien.;"0 leçon / quiz / fiche hors programme exposé dans le parcours élève (balisage `NON_EXIGIBLES` / `CULTURE_GENERALE` de `curriculumOfficial.ts` appliqué) | Le contenu hors programme éventuellement conservé est rangé **hors du parcours de révision** | Toutes les entrées classées `action: ""supprimer""` dans l'audit de modules sont traitées | Test de contenu automatisé : scan du parcours = 0 entrée non balisée";"croisement `lessonIndex` / banque QCM avec `curriculumOfficial.ts` ; retrait des entrées NON_EXIGIBLES ; redirection vers les modules à fort rendement (Boussole, Correcteur, archétypes, annales indexées).";S3-01 · audit de modules (actions « supprimer »)
KEO-302;Resserrer 49 entrées → 12 modules organisés en 3 hubs (8 fusions);UI/UX (architecture de navigation);Haute;E3 - Contenu fiable & resserré;49 entrées exposées à l'élève pour 12 modules réellement utiles. Doublons de navigation (`BacExamView` vs `Bac2025ExamView`), duplication méthodo (Meftah vs Boussole v2 : deux portes pour la même clé = surcharge cognitive **et** divergence des consignes).;En tant qu'élève, je veux une interface resserrée en 3 hubs afin de savoir immédiatement où aller sans me perdre.;Les 8 fusions de l'audit sont réalisées, dont : Meftah → Boussole (conserver le micro-drill 60 s `SwitchDrillModal`, supprimer la vue autonome) · BacExam + Bac2025 → un seul lecteur avec filtre par session et **barème affiché question par question** · Mur d'analyse (TahlilWall) absorbe les exercices dispersés + le simulateur d'électrophorèse comme simple document | La navigation expose **≤ 12 modules** organisés en 3 hubs (Apprendre / S'entraîner / Méthode & correction) | Aucune consigne méthodologique dupliquée divergente (une seule source de vérité par règle) | Plus aucune entrée classée `fusionner` non traitée dans l'audit de modules;"exécuter le plan de fusion documenté (champs `action` / `fusionInto` de l'audit) ; vérifier la cohérence des consignes après chaque fusion ; ne pas toucher aux fichiers interdits (AGENTS.md) — les fusions se font au niveau des vues et de la navigation.";S3-02 · audit de modules étapes 4.1/4.2/4.5
KEO-303;Construire la typologie des 8 documents BAC (trou critique n°1);Contenu;Haute;E3 - Contenu fiable & resserré;l'analyse de documents vaut 8-10 pts dans chaque exercice et c'est précisément là que les candidats perdent leurs points — mais aucun module n'enseigne la lecture **par type de document**.;En tant qu'élève, je veux apprendre à lire chaque type de document BAC (courbe, tableau, schéma, électrophorèse…) afin de ne plus perdre des points par mauvaise exploitation des données.;Les 8 types de documents ont une fiche de lecture dédiée (ce qu'on y cherche, les pièges, la phrase-type d'exploitation) | Chaque type est entraînable dans le Mur d'analyse (TahlilWall) | Test de couverture : chaque type est référencé par au moins un exercice | Gain estimé (≈ 2 pts/sujet) consigné et mesuré dans les défis BAC après livraison;"intégrer au Mur d'analyse (module classé « garder », très haut rendement) ; croiser avec les archétypes de sujets (5-6 gabarits couvrent ~80 % des questions 2019-2025).";S3-03 · audit de modules étape 4.4
KEO-304;Construire le module d'exploitation chiffrée (trou critique n°2);Contenu;Haute;E3 - Contenu fiable & resserré;calculs de vitesse, rendements, pourcentages et exploitation graphique ne sont entraînés nulle part, alors que c'est le discriminateur entre une copie à 11 et une copie à 15.;En tant qu'élève, je veux m'entraîner aux exploitations chiffrées (vitesse enzymatique, bilans énergétiques…) afin de sécuriser les points qui départagent les bonnes copies.;Couverture minimale : vitesse de réaction enzymatique (calcul + interprétation), effecteurs/inhibiteurs, bilans énergétiques (respiration/fermentations), taux et rendements | Chaque exercice applique la triade (donnée → calcul avec unité → interprétation) | QCM **et** situations ouvertes notées par le moteur (`gradeKeyPoints`, avec polarité KEO-107) | Fréquence BAC documentée par item (`bac_sessions_2019_2026.json`);"greffer sur le module enzymologie existant (classé stratégique) + Mur d'analyse ; réutiliser le simulateur d'électrophorèse comme document d'entraînement.";S3-04 · audit de modules (la question enzymatique chiffrée est tombée 6 fois sur 7 sessions)
KEO-305;Construire la trame C3 — hypothèse → témoin → conclusion (trou critique n°3);Contenu + Prompt Engineering;Haute;E3 - Contenu fiable & resserré;le raisonnement expérimental (proposer une hypothèse réfutable, interpréter un témoin, conclure) est noté à ~2 pts par exercice et n'est couvert par aucun module.;En tant qu'élève, je veux une trame systématique hypothèse → témoin → résultat attendu → conclusion afin de répondre aux questions de démarche expérimentale sans improviser.;La trame est enseignée (fiche + exemple complet annoté) et appliquée dans ≥ 10 situations de la banque | Morchid l'exige dans le dialogue : toute consigne « اقترح فرضية » suit la trame (cf. contrat du verbe KEO-106) | Des situations d'entraînement existent pour les 3 domaines | Test panel interne : la situation type « expérience avec témoin » est correctement traitée par ≥ 80 % des élèves testeurs;"construire sur la banque de situations de départ (module classé « garder ») ; verrouiller le verbe « اقترح فرضية » dans la table KEO-106.";S3-05 · audit de modules étape 4.4
KEO-306;Glossaire bilingue arabe/français actif + rappels de 2ᵉ AS;Contenu + UI/UX;Moyenne;E3 - Contenu fiable & resserré;confusions de termes arabe/français relevées en audit, et prérequis de 2ᵉ AS jamais rappelés — l'élève moyen (10-12/20) décroche au premier terme non maîtrisé.;En tant qu'élève, je veux un glossaire arabe↔français actif (cliquable) et des rappels de 2ᵉ AS afin de ne jamais être bloqué par un mot.;Chaque terme scientifique du parcours est cliquable → entrée bilingue (فصحى + français + définition 1 ligne) | Les rappels 2ᵉ AS (prérequis) sont accessibles depuis les leçons qui les exigent | 0 terme du parcours sans entrée de glossaire (scan automatisé) | Le dictionnaire est réutilisé par le moteur (mapping FR/ar pour le retrieval) — une seule source de vérité;"dictionnaire central partagé correcteur/moteur/glossaire ; tooltip/lien actif dans le visualiseur de leçons.";S3-06 · audit de modules étape 4.4
KEO-401;Télémétrie locale J1/J7/J30 + carte de score partageable + avis au pic;Backend + UI/UX;Moyenne;E4 - Mesure honnête;aucun moyen de piloter sur ce que l'élève apprend : les métriques honnêtes existantes (mots-clés, `unit.progress`, carnet d'erreurs) ne sont agrégées nulle part, et aucun outil de fierté partageable n'existe.;En tant qu'élève, je veux voir ma progression réelle à J+1/J+7/J+30 et partager une carte de score afin de rester motivé et fier de mes progrès.;Tableau local J1/J7/J30 : mots-clés acquis, points-clés couverts, erreurs qui ne reviennent plus, % programme par unité — **100 % local, zéro analytics externe** | Carte de score partageable (image) générée depuis ces métriques, sans données personnelles | La demande d'avis Play Store se déclenche **uniquement au pic de progression** (jamais après un échec) | La télémétrie alimente le tableau des métriques cibles (§7);"agréger les stores existants (`favorites`, `examLog`, `methodologyLog`, `unit.progress`) dans un hook de tableau de bord local ; déclencheur d'avis conditionné au pic.";S4-01 · rapports Jeremy + Les Ignobles (zéro mesure de rétention)
